"variable","rmse","mbe","mae","maxabserr"
"constant25",3.13528193740699,1.59444378700762,2.61406584576662,8.67895665104167
"default",2.85392310254426,-2.19638731218809,2.43532856519563,6.09236760298288
"heat_gen",2.44084254703387,0.554765502825318,2.01403913222746,7.3155469938554
"more_rad",2.16940824692792,-0.525422164735003,1.77209830116653,5.48641838794475
