"variable","diff.mean","diff.rmse","diff.min","diff.max"
"constant25",1.59444378700762,3.13528193740699,-3.6534716092094,8.67895665104167
"default",-2.19638731218809,2.85392310254426,-6.09236760298288,2.89376784067708
"heat_gen",0.554765502825318,2.44084254703387,-4.69996015162195,7.3155469938554
"more_rad",-0.525422164735003,2.16940824692792,-5.48641838794475,4.8055469938554
